video_id,country,fetched_at,published_at,title,localized_title,channel_title,channel_id,category_id,category_name,tags,tag_count,thumbnail,default_language,audio_language,is_live,duration,duration_raw,definition,caption_available,licensed_content,embeddable,made_for_kids,views,likes,comments
getnHpYUxoM,QA,2026-08-23T02:09:30.282769+00:00,2026-08-21T13:59:34Z,"Saint Levant, Mohammed Assaf - MASKARA / مسكرة (Official Video)","Saint Levant, Mohammed Assaf - MASKARA / مسكرة (Official Video)",Saint Levant ,UCCzciZk37I_YOOb94rpO62g,10,Music,,0,https://i.ytimg.com/vi/getnHpYUxoM/hqdefault.jpg,en,en,False,205,PT3M25S,hd,False,True,False,False,894901,36239,1589
OcE1ueFCPfY,QA,2026-08-23T02:09:30.282805+00:00,2026-08-22T12:30:05Z,Once More - Trailer | Arjun Das | Aditi | Sona | Hesham Abdul Wahab | Vignesh Srikanth | Yuvaraj,Once More - Trailer | Arjun Das | Aditi | Sona | Hesham Abdul Wahab | Vignesh Srikanth | Yuvaraj,Think Music India,UCLbdVvreihwZRL6kwuEUYsA,10,Music,"once more, arjun das, aditi shankar, sona olickal, once more trailer, arjun das once more trailer, aditi shankar once more trailer, once more tamil movie trailer, hesham abdul wahab, once more movie trailer tamil, arjun das new movie trailer, aditi shankar new movie trailer, once more tamil movie, once more movie, once more movie tamil, arjun das tamil movies, aditi shankar tamil movies, arjun das new movie trailer tamil, once more arjun das movie trailer, tamil movies 2026",20,https://i.ytimg.com/vi/OcE1ueFCPfY/hqdefault.jpg,en,ta,False,155,PT2M35S,hd,False,True,False,False,863161,16783,354
Ytm8WiQLNZA,QA,2026-08-23T02:09:30.282818+00:00,2026-08-22T14:07:09Z,How I Destroyed an Entire Minecraft Civilization,How I Destroyed an Entire Minecraft Civilization,Wemmbu,UCkzzNLnuM-VsATWC53ehwOQ,20,Gaming,"wemmbu, wembu, wenbu, wemmbu unstable smp, eggchan, unstable smp, unstable universe, parrotx2, minecraft, unstable smp in order, minecraft smp, unstable smp in order wemmbu, unstable smp latest video, unstable smp new video, wemmbu assassin, wemmbu invis player, unstable blue invis player, eggchan missing, flamefrags, egchan, 100 days, wemmbu eggchan, minecraft purge, purge, minecraft simulation, How I Destroyed an Entire Minecraft Civilization",26,https://i.ytimg.com/vi/Ytm8WiQLNZA/hqdefault.jpg,en-US,en-US,False,5914,PT1H38M34S,hd,False,True,False,False,2167417,198330,36974
DF9GRfWbmEQ,QA,2026-08-23T02:09:30.282828+00:00,2026-08-18T15:00:06Z,خالد الصراف x حنين حامد  -  يحبني,خالد الصراف x حنين حامد  -  يحبني,Khaled AlSarraf - خالد الصراف,UC5uPBHDnBsZvsmT8VcebwSg,10,Music,"خالد الصراف, اغاني, مختفي, الكويت, السعودية, خالد, الصراف, بعد مره, مشتاق, موسيقى, khaled alsarraf, khaled, alsarraf, bad mara, baad mara, كويتي, تيكتوك, تيك توك, tiktok, قلبي عشق, اغاني جديده, اغاني خليجية, ٢٠٢٥, 2025, songs, مسلسل, رمادي, ممثل, حنين, حنين حامد",30,https://i.ytimg.com/vi/DF9GRfWbmEQ/hqdefault.jpg,ar,ar,False,206,PT3M26S,hd,False,False,False,False,103673,3434,321
vTJIYRKkaH8,QA,2026-08-23T02:09:30.282837+00:00,2026-08-21T14:54:34Z,Thudakkam - Success Trailer | Mohanlal | Vismaya Mohanlal | Aashish Joe Antony | Jude Anthany Joseph,Thudakkam - Success Trailer | Mohanlal | Vismaya Mohanlal | Aashish Joe Antony | Jude Anthany Joseph,Aashirvad Cinemas,UC_J44kyEsEB8LPlhfm2Xb4g,1,Film & Animation,"Thudakkam, Thudakkam Movie, Thudakkam Malayalam Movie, Thudakkam Movie Trailer, Thudakkam Movie Official Trailer, Vismaya Mohanlal, Vismaya Mohanlal Movie, Vismaya Mohanlal Thudakkam, Mohanlal, Mohanlal Thudakkam, Jude Anthany Joseph, Malayalam Movie Thudakkam, Vismaya Mohanlal Latest Movie, Thudakkam Trailer, Thudakkam Movie Songs, Malayalam Movie Trailer, Malayalam Movies, Mohanlal Movies, Mohanlal Latest, Thudakkam Teaser, Thudakkam Video Song, Vismaya Mohanlal New Movie",22,https://i.ytimg.com/vi/vTJIYRKkaH8/hqdefault.jpg,en,ml,False,102,PT1M42S,hd,False,True,False,False,135289,2426,84
ve-SDrwS4_s,QA,2026-08-23T02:09:30.282846+00:00,2026-08-22T16:46:54Z,[EN] The International 2026 - Day 3,[EN] The International 2026 - Day 3,dota2,UCTQKT5QqO3h7y32G8VzuySQ,20,Gaming,,0,https://i.ytimg.com/vi/ve-SDrwS4_s/hqdefault.jpg,en,en,False,42900,PT11H55M,hd,False,True,False,False,2390509,10143,22
Hz1DV-kx6Vc,QA,2026-08-23T02:09:30.282854+00:00,2026-08-19T18:30:06Z,Emiway Bantai x Memax- SAFAL (Official Video) | Red Bull 64 Bars | Def Jam India,Emiway Bantai x Memax- SAFAL (Official Video) | Red Bull 64 Bars | Def Jam India,Emiway Bantai,UCHmk8iNJHvf5mGN6_pkPc7g,10,Music,,0,https://i.ytimg.com/vi/Hz1DV-kx6Vc/hqdefault.jpg,en,en-GB,False,174,PT2M54S,hd,True,True,False,False,885808,97793,6900
WKq3S2vvVEM,QA,2026-08-23T02:09:30.282861+00:00,2026-08-20T13:05:04Z,"Hi :) - Movie Official Trailer (Tamil) | Nayanthara, Kavin | Vishnu Edavan | In Cinemas 28th August","Hi :) - Movie Official Trailer (Tamil) | Nayanthara, Kavin | Vishnu Edavan | In Cinemas 28th August",Zee Studios South,UCkQgukY-pSpY3C_LA6jiEQA,24,Entertainment,,0,https://i.ytimg.com/vi/WKq3S2vvVEM/hqdefault.jpg,en,ta,False,168,PT2M48S,hd,True,False,False,False,3050987,55581,1285
ba9q1naOxWs,QA,2026-08-23T02:09:30.282869+00:00,2026-08-22T16:00:39Z,PMNC Nepal LAN Finals | Day 1,PMNC Nepal LAN Finals | Day 1,Ansh YT,UClHbJ2iUOVlgyG8-Y-CNzpA,20,Gaming,,0,https://i.ytimg.com/vi/ba9q1naOxWs/hqdefault.jpg,en,en,False,20461,PT5H41M1S,hd,False,True,False,False,278178,7295,0
anqkgdkHmuw,QA,2026-08-23T02:09:30.282894+00:00,2026-08-17T11:30:06Z,Pirisham | Video Song | Najran Kabeer | Bappu Velliparamba | Roy | Millennium Prime,Pirisham | Video Song | Najran Kabeer | Bappu Velliparamba | Roy | Millennium Prime,Millennium Prime,UC0wvr9euavv-HF-PEm0h_tA,10,Music,"Pathimakkathananjulla Noorullah, Pirisham, Najran Kabeer |, Bappu Velliparamba, Roy, പതിമക്കത്തണഞ്ഞൊരു നൂറുള്ള, irshad mudikkode, Viral Song, Gunamaniyaya Rasoolullah, Album Song, Treding song, Viral, Insta Song, New Song, Treding Song, Mappila Album Song, Muslim Devotional, Cover Song, Mashup, Remix, nabidhinam, nabhidhinam, Pathimakkathananjoru Noorulla Song, Porisham, Meera E, Meera pathimakkathu, Meera, Meera Porisham, Meera Pathimakkathananjulla Noorullah Song",29,https://i.ytimg.com/vi/anqkgdkHmuw/hqdefault.jpg,en,ml,False,210,PT3M30S,hd,False,True,False,False,1465921,41685,1886
-KuB-4TqujU,QA,2026-08-23T02:09:30.282905+00:00,2026-08-20T09:45:26Z,"PARVATI || Movie Official Trailer 2026 || Neeta Dhungana Adhikari, Ashok Darji, Deepa Shree Niraula","PARVATI || Movie Official Trailer 2026 || Neeta Dhungana Adhikari, Ashok Darji, Deepa Shree Niraula",OSR Digital,UCxCoea3ulOukfXiYAm87ZIA,1,Film & Animation,"OSR Digital, Parvati Movie Trailer, Parvati Trailer, Parvati Nepali Movie Trailer 2026, Parvati Nepali Movie 2026, Parvati Movie, Parvati Official Trailer, Parvati Official Movie Trailer, Parvati Trailer 2026, Parvati Movie 2026, Nepali Movie Trailer, Nepali Movie Trailer 2026, New Nepali Movie 2026, Nepali Cinema, Nepali Movie, Neeta Dhungana Adhikari, Ashok Darji, Deepa Shree Niraula, Siru Bista, PARVATI Movie Official Trailer, Parvati Official Trailer 2026",21,https://i.ytimg.com/vi/-KuB-4TqujU/hqdefault.jpg,en,en,False,244,PT4M4S,hd,False,True,False,False,307657,17212,2273
nTUArefq7IY,QA,2026-08-23T02:09:30.282914+00:00,2026-08-22T13:58:11Z,FFWS BD 2026 FALL | WEEK 3 লিগ স্টেজ ডে 3 LIVE🛑আজ হবে BD TOP1 এর বিদায় নইয়ে জয়😢Garena Free Fire,FFWS BD 2026 FALL | WEEK 3 লিগ স্টেজ ডে 3 LIVE🛑আজ হবে BD TOP1 এর বিদায় নইয়ে জয়😢Garena Free Fire,RAADVAI YT,UCrMWtvxARfGOBDagqB6zWWw,20,Gaming,"Bangladesh Top1, Top1 team, raad vai yt, ffws bd fall 2026, ffws live, watch party, co stream, top1 live, week 3 day 3 live, ffws week 3 day 3 live",10,https://i.ytimg.com/vi/nTUArefq7IY/hqdefault.jpg,bn,bn,False,15691,PT4H21M31S,hd,False,True,False,False,637628,66189,204
F6R8UQb4bwk,QA,2026-08-23T02:09:30.282931+00:00,2026-08-17T09:26:06Z,BICHA BICHAMA 2.0 | DURGESH THAPA /BABINA KIRATEE | BENISHA POUDEL | NEW NEPALI TEEJ SONG 2026,BICHA BICHAMA 2.0 | DURGESH THAPA /BABINA KIRATEE | BENISHA POUDEL | NEW NEPALI TEEJ SONG 2026,Durgesh Thapa,UCLig1yYc9U13Al5f6S7wWoA,24,Entertainment,"Nepali SOng, Durgesh Thapa Song, bicha bichama, latest teej song, durgesh thapa teej song 2083, Durgesh Thapa, Babina Kirati, Benisha Poudel, Karishma KC, Smarika Dhakal, Dakshit Thapa, Gurash Nani, Mausam Himali, Wangchyu Fyuba, Fyuba Studio, Milan Bishwokarma, Pawan Susling, Samir Bhote, Sanjiv Baraili, Ratna BK, Hemanta Kanchha, Nepali song, Nepali music, Nepali music video, teej song 2026, durgesh thapa new teej song, bicha bihama 2.0",27,https://i.ytimg.com/vi/F6R8UQb4bwk/hqdefault.jpg,en,ne,False,252,PT4M12S,hd,False,True,False,False,865308,33069,2115
tCT017S36hc,QA,2026-08-23T02:09:30.282949+00:00,2026-08-21T06:30:36Z,VIBE - Official Teaser | In Cinemas - September 18 | Kunal Kemmu | Preity Zinta | Sparsh Shrivastava,VIBE - Official Teaser | In Cinemas - September 18 | Kunal Kemmu | Preity Zinta | Sparsh Shrivastava,Amazon MGM Studios India,UC03toXvCn0s3wMmE5zq4ttw,24,Entertainment,"vibe movie, vibe movie update, vibe official teaser, vibe teaser, vibe movie amazon prime, preity zinta movie vibe, vibe release date, vibe poster release, vanshika dhir first movie vibe, vanshika dhir debut movie vibe, movie matters, teaser, vibe prime video, mohit suri new movie trailer, coolie teaser tamil, vibe cast, dc title teaser, movie, dc movie trailer, i am game movie trailer, i'm movie trailer, new movie trailer, new movie, comedy, preity zinta bollywood, new film",26,https://i.ytimg.com/vi/tCT017S36hc/hqdefault.jpg,en,en-IN,False,80,PT1M20S,hd,True,False,False,False,2797519,48678,1289
QxXa0lHke6Q,QA,2026-08-23T02:09:30.282966+00:00,2026-08-22T13:47:53Z,🔴 LIVE | MPL PH S18 | FILIPINO - Week 1 Day 2,🔴 LIVE | MPL PH S18 | FILIPINO - Week 1 Day 2,MPL Philippines,UC5ASeit2rM3taMSUChv9tNA,20,Gaming,"MLBB, MPL, MPLPH, Be Legendary, Esports, Mobile Legends, Gaming",7,https://i.ytimg.com/vi/QxXa0lHke6Q/hqdefault.jpg,fil,en,False,26271,PT7H17M51S,hd,False,False,False,False,919122,3179,10
is8UDe2PhKQ,QA,2026-08-23T02:09:30.282983+00:00,2026-08-14T03:59:06Z,KATSEYE (캣츠아이) 'Hootie Frutti' Official MV,KATSEYE (캣츠아이) 'Hootie Frutti' Official MV,HYBE LABELS,UC3IZKseVpdzPSBaWxBxundA,10,Music,"HYBE, HYBE LABELS, 하이브, 하이브레이블즈",4,https://i.ytimg.com/vi/is8UDe2PhKQ/hqdefault.jpg,ko,ko,False,154,PT2M34S,hd,True,False,False,False,37696627,843490,179347
8NiMCt2o-uQ,QA,2026-08-23T02:09:30.282992+00:00,2026-08-16T15:02:40Z,Khalifa Trailer - Prithviraj Sukumaran | Vysakh | Jinu V Abhraham | Jakes Bejoy,Khalifa Trailer - Prithviraj Sukumaran | Vysakh | Jinu V Abhraham | Jakes Bejoy,Sony Music Malayalam,UCpJmCkjsJbqIBdvTRx2zt-w,10,Music,"malayalam film songs, malayalam movie songs, malayalam video songs, malayalam film video songs, popular malayalam songs, Latest Malayalam Songs, malayalam songs, malayalam music, sony music malayalam, south indian songs, trending malayalam songs, malayalam latest video songs, classic malayalam songs, new malayalam songs, latest malayalam movie songs, malayalam trailer, malayalam song lyrics, malayalam karaoke songs",18,https://i.ytimg.com/vi/8NiMCt2o-uQ/hqdefault.jpg,en,en,False,158,PT2M38S,hd,True,True,False,False,4406964,105292,5201
LI3A9d34p6o,QA,2026-08-23T02:09:30.283000+00:00,2026-08-22T16:17:20Z,"লীগ স্টেজ ডে ৩ , উইক ৩ | FFWS BD 2026 Fall | Garena Free Fire","লীগ স্টেজ ডে ৩ , উইক ৩ | FFWS BD 2026 Fall | Garena Free Fire",Free Fire Esports Bangladesh,UCMnEWDsoZPdxcfMnfwVSYhg,20,Gaming,,0,https://i.ytimg.com/vi/LI3A9d34p6o/hqdefault.jpg,bn,bn,False,14050,PT3H54M10S,hd,False,False,False,False,862497,8911,99
b5aMbsJq_EI,QA,2026-08-23T02:09:30.283007+00:00,2026-08-14T07:00:07Z,Tera Mera Rishta 2.0 - Mustafa Zahid ,Tera Mera Rishta 2.0 - Mustafa Zahid ,Mustafa Zahid,UCLdxVW6ThAB8k5YwiF7MD9w,10,Music,"MustafaZahid, Bollywood, ekvillain, aashiqui2, awarapan",5,https://i.ytimg.com/vi/b5aMbsJq_EI/hqdefault.jpg,en,pa,False,277,PT4M37S,hd,False,True,False,False,2965963,80221,7922
87uSIcSLymQ,QA,2026-08-23T02:09:30.283014+00:00,2026-08-17T03:07:49Z,Khalifa Trailer Reaction | Prithviraj Sukumaran | Vysakh | Malayalam,Khalifa Trailer Reaction | Prithviraj Sukumaran | Vysakh | Malayalam,LifeofShazzam,UCNhaliLwhGH9wX3pe9bFTbA,1,Film & Animation,,0,https://i.ytimg.com/vi/87uSIcSLymQ/hqdefault.jpg,en,ml,False,393,PT6M33S,hd,False,True,False,False,315783,15412,711
aA4pyww2cyc,QA,2026-08-23T02:09:30.283022+00:00,2026-08-21T07:00:05Z,NOT ENDING UNTIL WE BEAT EVERY GAME ft. Kai Cenat,NOT ENDING UNTIL WE BEAT EVERY GAME ft. Kai Cenat,IShowSpeed,UCWsDFcIhY2DBi3GB5uykGXA,20,Gaming,ishowspeed,1,https://i.ytimg.com/vi/aA4pyww2cyc/hqdefault.jpg,en,en,False,41423,PT11H30M23S,hd,False,True,False,False,7016900,123413,1186
nw9NymBziIw,QA,2026-08-23T02:09:30.283040+00:00,2026-08-03T14:00:06Z,بدر الشعيبي × اوزي × علي المتروك - سابق وقته | 2026 | Ouzii x Ali Almatrouk x Bader AlShuaibi,بدر الشعيبي × اوزي × علي المتروك - سابق وقته | 2026 | Ouzii x Ali Almatrouk x Bader AlShuaibi,بدر الشعيبي,UC7xBXp4oi8hzZrBFy-ijglQ,10,Music,"بدر الشعيبي, Bader Al Shaibiii | بدر الشعيبي, Bader AlShuaibi, بدر الشعيبي شي مختلف, ألبوم شي مختلف, بدر الشعيبي بالعربي, ألبوم بالعربي, Bader AlShuaibi Bel Arabi, Bader AlShuaibi Shay Mekhtelef, Kuwait, Khaleeji Songs, Aghani Khaleeji, Khaleeji Music, موسيقى خليجية, Aghani Aghani, Arabic Songs, Hits 2020, Bader AlShuaibi 2020, أغاني أغاني, الكويت, فنان كويتي, جديد بدر الشعيبي, بدر الشعيبي ٢٠٢٠, new bader alshuaibi, السعودية, اوزي, ouzzi, علي المتروك, سابق وقته",29,https://i.ytimg.com/vi/nw9NymBziIw/hqdefault.jpg,ar,ar,False,269,PT4M29S,hd,False,True,False,False,520846,7017,272
X1aFkAkFASk,QA,2026-08-23T02:09:30.283058+00:00,2026-08-15T04:06:21Z,Avengers: Doomsday | Special Look | In Theaters December 18,Avengers: Doomsday | Special Look | In Theaters December 18,Marvel Entertainment,UCvC4D8onUfXzvjTOM-dBfEA,24,Entertainment,"marvel, comics",2,https://i.ytimg.com/vi/X1aFkAkFASk/hqdefault.jpg,en,en,False,130,PT2M10S,hd,True,True,False,False,33183265,1317125,58184
lixeReQDl74,QA,2026-08-23T02:09:30.283069+00:00,2026-08-22T16:30:14Z,[NP] 2026 PMNC Fall Nepal | Grand Finals LAN | Day 1,[NP] 2026 PMNC Fall Nepal | Grand Finals LAN | Day 1,Mandip Casts,UCWe_1FZNW8FnZLLzCC1EnJQ,20,Gaming,#pubgmobile,1,https://i.ytimg.com/vi/lixeReQDl74/hqdefault.jpg,en,ne,False,24555,PT6H49M15S,hd,False,True,False,False,138512,3543,1
-s3TgBvo-vA,QA,2026-08-23T02:09:30.283077+00:00,2026-08-10T11:30:48Z,"Mazhavillaye - I'm Game | Dulquer Salmaan, Kayadu Lohar | Armaan Malik, Jakes Bejoy | Malayalam","Mazhavillaye - I'm Game | Dulquer Salmaan, Kayadu Lohar | Armaan Malik, Jakes Bejoy | Malayalam",Zee Music South,UCLsSLka8jODBozvi5VTQeaQ,10,Music,"Mazhavillaye, Mazhavillaye song, Mazhavillaye lyrical, Mazhavillaye lyrical video, Mazhavillaye I Am Game, I Am Game, I Am Game Malayalam, I Am Game movie, I Am Game song, I Am Game songs, Dulquer Salmaan, Dulquer Salmaan songs, Dulquer Salmaan new movie, Kayadu Lohar, Kayadu Lohar song, Malayalam songs, Malayalam new songs, Malayalam latest songs, Malayalam romantic songs, Malayalam lyrical songs, Malayalam lyrical video, Malayalam music, Mollywood songs",23,https://i.ytimg.com/vi/-s3TgBvo-vA/hqdefault.jpg,ml,ml,False,279,PT4M39S,hd,False,True,False,False,7374868,27017,1622
fk0JHh1P9H0,QA,2026-08-23T02:09:30.283085+00:00,2026-08-14T11:30:13Z,Bethlehem Kudumba Unit Official Trailer | Girish AD | Nivin Pauly | Mamitha Baiju | Bhavana Studios,Bethlehem Kudumba Unit Official Trailer | Girish AD | Nivin Pauly | Mamitha Baiju | Bhavana Studios,BHAVANA STUDIOS,UCPvtzpmgq3fraUXl6lLoK3w,24,Entertainment,"Bethlehem Kudumba Unit, Bethlehem Kudumba Unit Songs, Bethlehem Kudumba Unit Malayalam Movie, BKU, BKU Song, Nivin Pauly, Nivin Pauly New Movie, Nivin Pauly Song, Mamitha Baiju, Mamitha Baiju New Movie, Mamitha Baiju Song, Nivin Pauly Mamitha Baiju, Girish AD, Vishnu Vijay, Bhavana Studios, Latest Malayalam Song, Malayalam Movie Songs, Onam 2026 Movie, Premalu, Mamitha Baiju Scene, Vishwanath & Sons, Trailer, Bethlehem Kudumba Unit Trailer",23,https://i.ytimg.com/vi/fk0JHh1P9H0/hqdefault.jpg,en,en,False,165,PT2M45S,hd,True,True,False,False,5209450,76444,2768
8VVtttUnBgM,QA,2026-08-23T02:09:30.283093+00:00,2026-08-22T13:35:58Z,"Last Day তে কারা হবে Top 18, আর কারা বাদ যাবে? | FFWS BD 2026 Fall 🛑LIVE","Last Day তে কারা হবে Top 18, আর কারা বাদ যাবে? | FFWS BD 2026 Fall 🛑LIVE",JB FREAK 22,UC6YjmRsUNgra_WHA9rFlGCw,20,Gaming,,0,https://i.ytimg.com/vi/8VVtttUnBgM/hqdefault.jpg,bn,en-US,False,14940,PT4H9M,hd,False,True,False,False,269420,25932,87
T7lkyAyuCcE,QA,2026-08-23T02:09:30.283101+00:00,2026-07-24T19:06:04Z,فيكي حاجه,فيكي حاجه,ROCKET - Topic,UC4l24wJxwRGK87E3iOn_7Og,10,Music,"ROCKET, فيكي حاجه",2,https://i.ytimg.com/vi/T7lkyAyuCcE/hqdefault.jpg,ar,ar,False,123,PT2M3S,hd,False,True,False,False,138248,948,0
nWuxL8K1MHE,QA,2026-08-23T02:09:30.283108+00:00,2026-08-16T15:35:24Z,Khalifa Trailer Reaction | Prithviraj Sukumaran Vysakh | Mohanlal Jakes Bejoy | Entertainment Kizhi,Khalifa Trailer Reaction | Prithviraj Sukumaran Vysakh | Mohanlal Jakes Bejoy | Entertainment Kizhi,Entertainment Kizhi,UCEBP12AdzxO2_UxFNKCe3ig,22,People & Blogs,,0,https://i.ytimg.com/vi/nWuxL8K1MHE/hqdefault.jpg,en,ml,False,574,PT9M34S,hd,False,False,False,False,85058,3789,701
bRUVlzNJbZM,QA,2026-08-23T02:09:30.283115+00:00,2026-08-20T12:50:59Z,فورتنايت بث مباشر كل شيء عن السيزون 4 والباتل باس والماب الجديد Fortnite season 4,فورتنايت بث مباشر كل شيء عن السيزون 4 والباتل باس والماب الجديد Fortnite season 4,خنفوش - Khnfosh,UCOnPKIzb7jft0bjN0pNRljg,20,Gaming,,0,https://i.ytimg.com/vi/bRUVlzNJbZM/hqdefault.jpg,ar,ar,False,2999,PT49M59S,hd,False,True,False,False,405691,8024,164
6rvUyBiBtik,QA,2026-08-23T02:09:30.283122+00:00,2026-08-06T10:03:11Z,"Tera Mera Rishta - New Version | Awarapan 2 | Emraan, Disha | Mithoon, Saaj, Sayeed, Mustafa","Tera Mera Rishta - New Version | Awarapan 2 | Emraan, Disha | Mithoon, Saaj, Sayeed, Mustafa",Sony Music India,UC56gTxNs4f9xZ7Pa2i5xNzg,10,Music,"tera mera rishta continues, awarapan 2, awarapan 2 songs, awarapan 2 teaser, emraan hashmi awarapan 2, awarapan 2 new song, emraan hashmi, awarapan 2 trailer, awarapan, disha patani, emraan hashmi new song, emraan hashmi songs, Tera Mera Rishta, love songs, tera mera rishta purana, bollywood songs, hindi song, tera mera rishta purana female version, tera mera rishta lyrics, sony music india, Tera Mera Rishta - New Version, tera mera rishta new version",22,https://i.ytimg.com/vi/6rvUyBiBtik/hqdefault.jpg,en,en,False,372,PT6M12S,hd,False,True,False,False,28921696,459845,23079
9AsEwQJiQQE,QA,2026-08-23T02:09:30.283130+00:00,2026-08-16T16:00:07Z,Chapter 7 Season 4: Override | Official Trailer,Chapter 7 Season 4: Override | Official Trailer,Fortnite,UClG8odDC8TS6Zpqk9CGVQiQ,20,Gaming,yt:cc=on,1,https://i.ytimg.com/vi/9AsEwQJiQQE/hqdefault.jpg,en,en,False,99,PT1M39S,hd,False,True,False,False,2237768,99481,10247
EKjXy6sLYAo,QA,2026-08-23T02:09:30.283136+00:00,2026-08-20T16:17:51Z,🔴 LIVE! - NEW SEASON 4 COUNTDOWN and EARLY GAMEPLAY! (SONIC and NEW SPRITES),🔴 LIVE! - NEW SEASON 4 COUNTDOWN and EARLY GAMEPLAY! (SONIC and NEW SPRITES),Typical Gamer,UC2wKfjlioOCLP4xQMOWNcgg,20,Gaming,,0,https://i.ytimg.com/vi/EKjXy6sLYAo/hqdefault.jpg,en,en,False,42899,PT11H54M59S,hd,False,True,False,False,1724518,21316,89
u_G1NCwQZ4E,QA,2026-08-23T02:09:30.283144+00:00,2026-07-30T19:53:16Z,Amr Diab & Orange - Lola El Banat (Official Music Video) - عمرو دياب  واورنچ - لولا البنات,Amr Diab & Orange - Lola El Banat (Official Music Video) - عمرو دياب  واورنچ - لولا البنات,Amr Diab,UCpui0-2JqcAcII4ybpB1q3w,10,Music,"Amr Diab, Amr, Diab, AMR DIAB, عمرو دياب, عمرو, دياب, عمرودياب, عمرو ذياب, Tamally Maak, Nour Elain, Habiby, Habibi, حبيبي, تملي معاك, Amir Diab, Amro Diab, Nour El Ain, Nur El Ain, Nur al ain, Nour al ain, نور العين, لولا البنات, كليب لولا البنات, lola el banat, music video",26,https://i.ytimg.com/vi/u_G1NCwQZ4E/hqdefault.jpg,en,ar,False,229,PT3M49S,hd,False,False,False,False,14105312,90024,2921
hlfz1ep8IL4,QA,2026-08-23T02:09:30.283152+00:00,2026-08-12T06:31:26Z,"Haiwaan Official Teaser | Akshay Kumar, Saif Ali Khan | Priyadarshan | KVN Productions","Haiwaan Official Teaser | Akshay Kumar, Saif Ali Khan | Priyadarshan | KVN Productions",KVN PRODUCTIONS,UC3DOgauBYLQQXdH1siGjfpw,1,Film & Animation,"KVN Production, KVN, KVN Movies, KVN Youtube Channel, haiwaan official teaser, official teaser, haiwaan official trailer, haiwaan teaser, haiwaan official trailer akshay kumar, haiwaan official trailer saif ali khan, haiwaan official trailer priyadarshan, haiwaan movie teaser, haiwaan announcement teaser, Akshay Kumar, Saif Ali Khan, akshay kumar new movie trailer, akshay kumar new movie 2026, haiwaan movie trailer akshay kumar, haiwaan movie akshay kumar trailer",19,https://i.ytimg.com/vi/hlfz1ep8IL4/hqdefault.jpg,en,hi,False,46,PT46S,hd,False,True,False,False,9848955,87688,3413
TrH2qMCpJAg,QA,2026-08-23T02:09:30.283159+00:00,2026-08-20T11:00:22Z,تجميع أجمل حلقات العودة للدراسه😍📚مع لانا و رورو والمعلمة زينب | roblox | روبلوكس,تجميع أجمل حلقات العودة للدراسه😍📚مع لانا و رورو والمعلمة زينب | roblox | روبلوكس,لانا و رورو,UCV5ZVvsnqXniOnI4yydz8pQ,22,People & Blogs,,0,https://i.ytimg.com/vi/TrH2qMCpJAg/hqdefault.jpg,ar,ar,False,2951,PT49M11S,hd,False,True,False,False,1095033,25735,6078
xXZwZ0DolJc,QA,2026-08-23T02:09:30.283166+00:00,2026-08-02T15:00:06Z,BABYMONSTER - 'MOON' M/V,BABYMONSTER - 'MOON' M/V,BABYMONSTER,UCqwUnggBBct-AY2lAdI88jQ,10,Music,"BABYMONSTER, 베이비몬스터, 베몬, BABYMON, BAEMON, 하람, 아현, 루카, 치키타, 파리타, 로라, 아사, HARAM, AHYEON, RUKA, CHIQUITA, PHARITA, RORA, ASA",19,https://i.ytimg.com/vi/xXZwZ0DolJc/hqdefault.jpg,ko,ko,False,175,PT2M55S,hd,True,True,False,False,55836270,762033,53708
5vMWZhHPlaw,QA,2026-08-23T02:09:30.283174+00:00,2026-08-11T11:30:07Z,Mirzapur The Movie | Official Hindi Trailer |Ali Fazal |  Pankaj Tripathi | Divyenndu | 4th Sept,Mirzapur The Movie | Official Hindi Trailer |Ali Fazal |  Pankaj Tripathi | Divyenndu | 4th Sept,Excel Movies,UCn9BuiRZGR_tPM2GGT4jN-w,1,Film & Animation,"Mirzapur The Movie, Mirzapur, Ali Fazal, Pankaj Tripathi, Divyennedu, Jitendra Kumar, Ravi Kishan, Abhishek Banerjee, Rasika Dugal, Shweta Tripathi, Shriya Pilgaonkar, Harshita Gaur, Sushant Singh, Sheeba Chadha, Mohit Malik, Sonal Chauhan, Amazon MGM India, Amazon Prime Video, Sacheev Ji, Panchayat, TVF, Farhan Akhtar, Hindi Movie, Bollywood, Toxic, Awarapan 2, Ramayana, Batwara 1947, Mirzapur movie, Kaleen Bhaiya, Munna Bhaiya, Guddu Bhaiya, Dhanda Nyoliwala, Spiderman",34,https://i.ytimg.com/vi/5vMWZhHPlaw/hqdefault.jpg,en,en,False,182,PT3M2S,hd,True,False,False,False,30315518,310692,12109
2U61wN-xXnc,QA,2026-08-23T02:09:30.283183+00:00,2026-08-19T13:00:35Z,Parrot and FlameFrags join Random Minecraft Servers!,Parrot and FlameFrags join Random Minecraft Servers!,ParrotX2,UCLnexd-nCDLzjHOX6DfsOBg,20,Gaming,"Minecraft, Minecraft SMP, SMP, Minecraft Server, LifeSteal SMP, School Minecraft Server, School SMP, School Parrot, Parrot, ParrotX2, Dream SMP, TommyInnit, LifeSteal, parrot lifesteal smp, Spoke, minecraft survival, minecraft hardcore, minecraft challenge, minecraft server, LifeSteal SMP Applications, how i ended an entire minecraft smp, Technoblade, HermitCraft, MumboJumbo, Grian, why i broke 100+ bedrock, Here's Why I Made 12240 Minecraft Cakes, Minecraft Hunt, LifeSteal Season 3",29,https://i.ytimg.com/vi/2U61wN-xXnc/hqdefault.jpg,en,en,False,2191,PT36M31S,hd,False,True,False,False,1784514,85297,5490
afSgBNwmZrQ,QA,2026-08-23T02:09:30.283197+00:00,2026-07-31T15:00:06Z,Ariana Grande - petal,Ariana Grande - petal,ArianaGrandeVevo,UC0VOyT2OCBKdQhF3BAbZ-1g,10,Music,"Ariana Grande, Ariana Grande LP6, Pop",3,https://i.ytimg.com/vi/afSgBNwmZrQ/hqdefault.jpg,en,,False,411,PT6M51S,hd,True,True,False,False,26188192,925041,91398
CSXhb2zhfLc,QA,2026-08-23T02:09:30.283204+00:00,2026-08-12T12:33:27Z,Irumudi Official Telugu Trailer | Ravi Teja | Priya Bhavani Shankar | Shiva Nirvana | G V Prakash,Irumudi Official Telugu Trailer | Ravi Teja | Priya Bhavani Shankar | Shiva Nirvana | G V Prakash,Mythri Movie Makers,UCKZSn5C-RzrLjuWJF8wWiDw,24,Entertainment,"Irumudi Official Telugu Trailer, Ravi Teja, Priya Bhavani Shankar, Shiva Nirvana, G V Prakash, Mythri Movie Makers, Irumudi, Irumudi Movie, Irumudi Telugu Movie, Irumudi Trailer, Irumudi Movie Trailer, Irumudi Telugu Movie Trailer, Ravi Teja Irumudi, Ravi Teja Irumudi Trailer, Ravi Teja Movies, Ravi Teja New Movies, Priya Bhavani Shankar Movies, Shiva Nirvana Movies, Latest Telugu Movies 2026, New Movies 2026, Upcoming Movies 2026, Mass Maharaja Raviteja, Irumudi Glimpse",23,https://i.ytimg.com/vi/CSXhb2zhfLc/hqdefault.jpg,en-GB,te,False,180,PT3M,hd,True,True,False,False,6771612,269254,8565
rmWF9cpGx5w,QA,2026-08-23T02:09:30.283212+00:00,2026-08-16T16:06:48Z,PMWC WATCHPARTY Grand Finals Last Day | Road to 1 Million Subscribersss,PMWC WATCHPARTY Grand Finals Last Day | Road to 1 Million Subscribersss,Cr7 HORAA,UC27pyUnJTUyxe_z_0WxxNXw,20,Gaming,,0,https://i.ytimg.com/vi/rmWF9cpGx5w/hqdefault.jpg,en-US,en-US,False,19291,PT5H21M31S,hd,False,True,False,False,1698578,57221,155
7VsejGzcJmM,QA,2026-08-23T02:09:30.283219+00:00,2026-07-28T13:29:06Z,Alaakaa Loova Lyrical (Tamil) | OM | Dhanush | Mammootty | Sai Pallavi | Sreeleela | Rajkumar | Sai,Alaakaa Loova Lyrical (Tamil) | OM | Dhanush | Mammootty | Sai Pallavi | Sreeleela | Rajkumar | Sai,Divo Music,UC5rGGthSt-CQue8V0bj1bWg,10,Music,"Alaakaa Loova, Alaakaa Loova lyrical, Alaakaa Loova song, OM, OM Chapter 1, Udhiram The Blood Wood, Dhanush, Mammootty, Sai Pallavi, Sreeleela, Sai Abhyankkar, Rokesh, Rajkumar Periasamy, Tamil songs 2026, Tamil lyrical video, OM first single, OM songs, Dhanush new song, Sai Abhyankkar songs, Wunderbar Films, RTake Studios, Tamil movie songs, Alaakaa Loova official lyrical video",23,https://i.ytimg.com/vi/7VsejGzcJmM/hqdefault.jpg,en-IN,ta,False,217,PT3M37S,hd,False,True,False,False,28285488,349747,7765
ejX6MHgKAlM,QA,2026-08-23T02:09:30.283227+00:00,2026-08-11T10:30:12Z,"Vishwanath and Sons Official Trailer (Tamil) | Suriya, Mamitha Baiju | GV Prakash | Venky Atluri","Vishwanath and Sons Official Trailer (Tamil) | Suriya, Mamitha Baiju | GV Prakash | Venky Atluri",Aditya Music Tamil,UCo_iDY0qQ4d4ad3zRAZtPsg,10,Music,"viswanath and sons trailer, viswanath and sons, viswanath and sons movie, viswanath and sons tamil trailer, suriya, mamitha baiju, suriya new movie trailer, suriya new movies, mamitha baiju new movie, mamitha baiju tamil movies, mamitha baiju suriya new movie, trailers 2026, tamil movie trailer, tamil new trailer, tamil trailer 2026, tamil latest trailers, new trailer, new trailer 2026, new movie 2026, trailer, tamil movie 2026, kollywood, kollywood trailer, aditya music tamil",24,https://i.ytimg.com/vi/ejX6MHgKAlM/hqdefault.jpg,en,en,False,187,PT3M7S,hd,False,True,False,False,1661652,29685,630
j4Y3vdR1MfY,QA,2026-08-23T02:09:30.283234+00:00,2026-08-16T17:37:21Z,EWC GRAND FINALS - LAST DAY #4T,EWC GRAND FINALS - LAST DAY #4T,Star Anonymous LIVE,UC9WZd2eezGw0oXClutuq0eA,20,Gaming,"Challenge Videos, 24 Hour Challenge, LIVE, LIVE STREAM, PIBG, PUBG MOBILE, BGMI, PUBG, STAR ANONYMOUS live, ANONYMOUS LIVE, EWC GRAND FINALS - LAST DAY #4T, ewc",12,https://i.ytimg.com/vi/j4Y3vdR1MfY/hqdefault.jpg,en,hi,False,27061,PT7H31M1S,hd,False,False,False,False,889168,44052,794
hPZcZpNn3KY,QA,2026-08-23T02:09:30.283242+00:00,2026-07-27T06:30:23Z,Rana Ji 2.0 | Mahira Sharma | Tanishk Bagchi | Ila Arun | Alka Yagnik | Rajesh Roshan | Indeevar,Rana Ji 2.0 | Mahira Sharma | Tanishk Bagchi | Ila Arun | Alka Yagnik | Rajesh Roshan | Indeevar,Tips Official,UCJrDMFOdv1I2k8n9oK_V21w,10,Music,"mujhko rana ji maaf karna, gup chup gup chup new song, gup chup song, mujhko ranaji maaf karna, mahira sharma songs, mahira sharma rana ji 2.0, mahira sharma new song, mujhko rana ji maaf karna galti mare se ho gai, gupu chup remix, mujhko rana ji maaf karna dj, hindi song, hindi gana, remix song, bollywood remix, bollywood remix songs, 90s remix songs, alka yagnik, ila arun, tanishk bagchi, tanishk bagchi songs, dj party songs, ranaji song, ranaji maaf karna 2.0",23,https://i.ytimg.com/vi/hPZcZpNn3KY/hqdefault.jpg,en,hi,False,229,PT3M49S,hd,False,True,False,False,28828852,170597,7802
jEAQp6jjmQA,QA,2026-08-23T02:09:30.283249+00:00,2026-08-07T13:31:06Z,Magudam (Tamil) Trailer | Vishal | GV Prakash | Anjali | Dushara | Super Good Films,Magudam (Tamil) Trailer | Vishal | GV Prakash | Anjali | Dushara | Super Good Films,G.V. Prakash Kumar,UCLnKZRT9orZAgttWtS2np2g,24,Entertainment,,0,https://i.ytimg.com/vi/jEAQp6jjmQA/hqdefault.jpg,en,ta,False,165,PT2M45S,hd,True,True,False,False,2456621,59050,2004
gVE2t-LRK-s,QA,2026-08-23T02:09:30.283256+00:00,2026-08-15T16:00:01Z,"Whatever You Hide As, You Keep!","Whatever You Hide As, You Keep!",MrBeast Gaming,UCIPPMRA040LQr5QPyJEbmXA,20,Gaming,,0,https://i.ytimg.com/vi/gVE2t-LRK-s/hqdefault.jpg,en,en,False,1460,PT24M20S,hd,True,True,False,False,32362753,731674,49323
_IT83Y_HcAw,QA,2026-08-23T02:09:30.283263+00:00,2026-07-24T04:00:05Z,JENNIE - Less than a Lover (Official Video),JENNIE - Less than a Lover (Official Video),JennieRubyJaneVEVO,UCN9_L9lA9kqJbGANLRus_1A,10,Music,"Jennie Ruby Jane, Jennie Kim, JENNIE MV, JENNIE Solo, ZEN, Ruby, JENNIE Ruby, Mantra, JENNIE Album, JENNIE New Music, JENNIE New Song, This That Pretty Girl Mantra, JENNIE Mantra, JENNIE from BLACKPINK, BLACKPINK, BLACKPINK JENNIE, Dance, Fashion, KPop, BLINKs, OddAtelier, Odd Atelier, Love Hangover, Love Hangover Lyrics, JENNIE Lyrics, like JENNIE, who wanna rock with JENNIE, JENNIE new album, Ruby Album, Jennie Remix, Run from the sun like Dracula",31,https://i.ytimg.com/vi/_IT83Y_HcAw/hqdefault.jpg,en,,False,219,PT3M39S,hd,True,True,False,False,22210304,1203758,72564
1ya87ENCRj0,QA,2026-08-23T02:09:30.283271+00:00,2026-08-06T05:48:19Z,Awarapan 2 : Trailer: Shivam’s Rage  Vishesh | Emraan | Disha | Shabana | Puran | 14th Aug,Awarapan 2 : Trailer: Shivam’s Rage  Vishesh | Emraan | Disha | Shabana | Puran | 14th Aug,Vishesh Films,UCA6q5E9yd7cSgl8m0TrxOmQ,1,Film & Animation,"vishesh films, vishesh films youtube channel, new bollywood movie, bollywood romantic scenes, emraan hashmi kissing scene, kissing scene bollywood, emraan hashmi, emraan hashmi songs, murder movie songs, awarapan movie songs, bheegey hont, murder movie scenes, awarapan all songs, emraan hashmi movies, bollywood movies",15,https://i.ytimg.com/vi/1ya87ENCRj0/hqdefault.jpg,en,hi,False,85,PT1M25S,hd,False,True,False,False,11713899,305614,25417
